Role	Level	Blurb	Image
The Most Precious Cinnamon Roll	0	Congratulations <name>! You're <rolename>, welcome to Cinnabon.	https://cdn.discordapp.com/attachments/794506942906761226/948140541474906132/cinnamon.gif
Lisa Simpson	1	Until you reach the next level, you are now contractually obligated to be a vegetarian because <name>, you're <rolename>! You want to change the world so bad but you've got a pop quiz to study for, because you're eight. Good luck out there kid.	https://cdn.discordapp.com/attachments/794506942906761226/948103847346331668/1LisaSimpson.gif
Miles Morales	2	In the Swamp Hall of Fame as the LITERAL best Spider-Man. Congrats <name> you're <rolename>!	https://cdn.discordapp.com/attachments/794506942906761226/948103847866421260/2MilesMorales.gif
Miguel Rivera	3	Originally, <rolename> was called Marco. I'll let you decide what that means <name>. <rolename> just wants to play music and make his family proud!	https://cdn.discordapp.com/attachments/794506942906761226/948103848516530206/3MiguelRivera.gif
Hiro Hamada	4	Sometimes you can be a lil shit, <name>, but that's only because you're too smart for your own good. Also you may or may not be Captain Cutie Patootie and have a crush on your mortal enemy. You're <rolename>.	https://cdn.discordapp.com/attachments/794506942906761226/948103848906588250/4HiroHamada.gif
Mirabel Madrigal	5	WELCOME TO THE FAMILY MADRIGAL, <name>. You're <rolename>.	https://cdn.discordapp.com/attachments/794506942906761226/948103849401528340/5MirabelMadrigal.gif
Michelle "MJ" Jones	7	Are you going to MIT in the fall, <name>? Because you're <rolename>. Smart, Capable, Badass.	https://cdn.discordapp.com/attachments/794506942906761226/948105998210592788/7MJ.gif
Luna Maximoff	8	We LIKE thE MOoN. Congratulations <name>, you're moon child, <rolename>.	https://cdn.discordapp.com/attachments/794506942906761226/948105686942883850/8LunaMaximoff.png
Barry from Pokemon	9	Let‚Äôs get going, <name>, or I‚Äôm gonna fine you a million dollars! You‚Äôre <rolename>!	https://cdn.discordapp.com/attachments/794506942906761226/948103850097770526/9BarryPokemon.gif
Riri Williams	10	<name>, you're <rolename>! Future best friend of Ned, Shuri, and MJ. AND future super hero!	https://cdn.discordapp.com/attachments/794506942906761226/948106093425475654/9RiriWilliams.gif
Luz Noceda	11	Are you a cinnamon roll stuck in a demon realm, with a cute witchy girlfriend <name>? Because you're <rolename>.	https://cdn.discordapp.com/attachments/794506942906761226/948103850345242634/11LuzNoceda.gif
James "Rhodey" Rhodes	12	Bestie (<name>) you're <rolename>. Someone who deserved better from the MCU and will hopefully get it in Armor Wars üëÄ.	https://cdn.discordapp.com/attachments/794506942906761226/948103850689171506/12Rhodey.gif
Makkari	13	Vroom vroom, <name>, you ran so fast you escaped the gender binary and became MCU <rolename>.	https://cdn.discordapp.com/attachments/794506942906761226/948106226602999848/13Makkari.gif
Zari Cat	14	Meow meow meow meow. Meow meow meow mew meow. Meow meow. Hiss meow meow. Meow meow meow meow. Mew mewl meow meow. Meow meow meow meow.	https://cdn.discordapp.com/attachments/794506942906761226/948103851129598002/14ZariCat.gif
Ava Sharpe	15	You're the grumpy lesbian turned weirdly relatable comedian <rolename>, <name>.	https://cdn.discordapp.com/attachments/794506942906761226/948106302184374302/15AvaSharpe.gif
Gwyn Davies	17	I don't know you like that, <rolename>. Still haven't caught up on Legends idek. Sorry <name>.	https://cdn.discordapp.com/attachments/794506942906761226/948106422095314984/17Gywn_Davies.gif
Edward Cullen	18	Congratulations, <name>, you're <rolename>, a vampire who showed every red flag known to exist and still got married with a baby in the end. You'd also do well in Euphoria, I feel it in my bones.	https://cdn.discordapp.com/attachments/794506942906761226/948103851402231848/18EdwardCullen.gif
Blanca Evangelista 	19	<name> Wave those trans flags because <rolename> is coming through!	https://cdn.discordapp.com/attachments/794506942906761226/948104514270027816/19Bianca.gif
Abuela	20	You've been through a lot in your life <name>, but I hope you can one day find peace and understanding. You're <rolename>.	https://cdn.discordapp.com/attachments/794506942906761226/948104514894983218/20Abuela.gif
Joaquin Torres	21	<name> needs way more screentime, <rolename> that's just FACTS.	https://cdn.discordapp.com/attachments/794506942906761226/948106516974673940/21Joquin_Torres.gif
Melinda May	22	I have no idea who <rolename> is, but considering she's been part of the swampys for a year I just wanna say thank you Melinda May for punching SO many people directly in the mouth. They deserved it. Oh, right, <name>, so you know it's your level.	https://cdn.discordapp.com/attachments/794506942906761226/948104515394084884/22MelindaMay.gif
Carl Wheezer	23	Don't worry <name>, your shortness of breath isn't from Omarion, it's because you're <rolename> an asthmatic youngling with a love for llamas.	https://cdn.discordapp.com/attachments/794506942906761226/948104515968712764/23CarlWheezer.gif
Jughead Jones	24	I'm honestly surprised <rolename> is still here, but like everyone's Emo Phase, he'll never really die. He'll just be there lurking in the background, waiting for My Chemical Romance to get back together. Again. So, YER AN EMO <name>.	https://cdn.discordapp.com/attachments/794506942906761226/948104516333604884/24JugheadJones.gif
Betty Cooper	25	In the times of ‚ú®***gaslight, gatekeep, girlboss*** ‚ú® you're somehow all 3. Enjoy your üî™üß¨, <name>, you're <rolename>.	https://cdn.discordapp.com/attachments/794506942906761226/948107040516083722/25BettyCooper.gif
Sam Wilson	27	Arguably the coolest Avenger and honestly, the only Captain America we need for the foreseeable future, but somehow still not as cool as the <rolename> from the comics? Like can someone get this man a psychic link with some birds, PLEASE. You're <rolename>, <name>!	https://cdn.discordapp.com/attachments/794506942906761226/948104516958580746/27SamWilson.gif
Brown M&M	28	Guess who‚Äôs the original milk chocolate and M&M‚Äôs chief chocolate officer? That‚Äôs right, @person, you‚Äôre the brown M&M.	https://cdn.discordapp.com/attachments/794506942906761226/948104517638033458/28BrownMM.gif
Lil Sebastian	29	Hi Hi <rolename> welcome in the gladdest fashion, <name>!	https://cdn.discordapp.com/attachments/794506942906761226/948104518376226866/29lilSeb.gif
Martin Stein	30	You're retired and chilling with your daughter and grandchild because <rolename> deserved better and we all know it, <name>.	https://cdn.discordapp.com/attachments/794506942906761226/948107127782768640/30Stein.gif
Jubilation "Jubilee" Lee	31	Welcome to Krakoa, <name>, you're <rolename> and you have probably the coolest child to exist. He spent a good amount of time as a dragon. Never forget.	https://cdn.discordapp.com/attachments/794506942906761226/948104518715998279/31Jubilee.gif
Jimmy Woo	32	<name>, you're <rolename>, FBI Agent, magician, SHIELD agent, youth pastor, assembler of the G-Men and Agents of Atlas, is there anything Jimmy Woo can't do? I changed most of the descriptions, but Jimmy Woo is constantly living his girlboss era and this blurb reflects that. MCU Jimmy and 616 Jimmy would be best friends tbh.	https://cdn.discordapp.com/attachments/794506942906761226/948107210335068160/32JimmyWoo.gif
Steve Rogers	33	Everyone loves <rolename>, now. Congrats, <name>. Have fun living out the rest of your years dancing with Peggy on the moon.	https://cdn.discordapp.com/attachments/794506942906761226/948104519248650270/33SteveRogers.gif
Shang-Chi	34	Love ya <rolename>, you slayed a whole ass dragon and shit <name>. It was great.	https://cdn.discordapp.com/attachments/794506942906761226/948104672051347476/34Shang-Chi.gif
Matt Murdock	35	Avocado at law, <name> you're <rolename>	https://cdn.discordapp.com/attachments/794506942906761226/948104672420462632/35MattMurdock.gif
Dora the Explorer	37	<name>, some of you never watched <rolename> growing up and it shows.	https://cdn.discordapp.com/attachments/794506942906761226/948104672760176651/37Dora.gif
Dean Winchester	38	¬°Felicidades, <name>, eres <rolename>! Definitivamente eres 100% hetero, a menos que te pregunten en espa√±ol ;) - Shit I girlbossed too close to the sun I can't change this I don't know enough Spanish. Nelly, I'm sorry. 	https://cdn.discordapp.com/attachments/794506942906761226/948104673049587732/38DeanWinchester.gif
April Ludgate	39	<name> you're now chaotic enough to be <rolename>. You really like games that turn people against each other. - This is such an OG blurb. Here we go. Yeet.	https://cdn.discordapp.com/attachments/794506942906761226/948104673347387432/39AprilLudgate.gif
Green M&M	40	Start getting prepared to be featured on FOX News for wearing anything other than high heels <name>, you're the <rolename>! You've got the world in a chokehold and have raised the M&M revenue by yourself. Good for you.	https://cdn.discordapp.com/attachments/794506942906761226/948104673745850398/40GreenMM.gif
Lupita Nyong'o	41	From her humble beginnings as a singing teenage orphan to her ephemeral goddess era, <rolename> could kick all of our asses and we would say thank you, <name>.	https://cdn.discordapp.com/attachments/807666065341153360/948108664806473798/41Lupita.gif
Lin Manuel Miranda	42	You're sebastian stan's father, <name>. Enjoy being <rolename>.	https://cdn.discordapp.com/attachments/794506942906761226/948104674463055882/42LinManuelMiranda.gif
Kate Bishop	43	HELLO <rolename> I AM SAYING YOUR WHOLE NAME <name> SO YOU KNOW THAT I KNOW IT.	https://cdn.discordapp.com/attachments/794506942906761226/948104675050274886/43KateBishop.gif
Angel Evangelista	44	You‚Äôre married to a guy called Lil Papi, and I feel that says a lot about you, <name>. But don‚Äôt forget, you're <rolename> and trans rights!	https://cdn.discordapp.com/attachments/794506942906761226/948104675524239420/44Angel.gif
Kevin Tran	45	I'm not even gonna lie, <name>. I forgot the bulk of <rolename>'s plot for Supernatural, but I don't want to delete him because I liked him so, SO much. So we're keeping him. I just think he deserved more.	https://cdn.discordapp.com/attachments/794506942906761226/948104675889127455/45KevinTran.gif
Marge Simpson	47	Well would you look at that <name>, you're <rolename>! You're one of the most loyal wives and mothers out there, a true milf through and through. Have fun, or good luck, being the wife of THE Homer Simpson.	https://cdn.discordapp.com/attachments/794506942906761226/948104944358133770/47MargeSimpson.gif
Rip Hunter	48	TBT to when you got stuck in a ship giving two queers advice on how to free a super computer turned human from her own headspace. That's right <name>, you're <rolename>	https://cdn.discordapp.com/attachments/794506942906761226/948104944760791090/48RipHunter.gif
Stephen Strange	49	I know you don't remember this, <rolename>, but fuck off and stop gatekeeping our universe. Yeetledy deetledy let's destroy the whole world <name>.	https://cdn.discordapp.com/attachments/794506942906761226/948104945259937822/49StephenStrange.gif
Castiel	50	<name> has ascendido a ser <rolename>. Aunque eres todo un √°ngel tienes muy mala suerte con los hombres. Pero puedes ganar el primer premio en un concurso de cosplayers de Constantine sin mucho esfuerzo. Sup Nelly. Ur the best.	https://cdn.discordapp.com/attachments/794506942906761226/948104945721303070/50Castiel.gif
Jacob Black	51	Sup <rolename>, where the hell you been <name>?	https://cdn.discordapp.com/attachments/794506942906761226/948104946115551282/51JacobBlack.gif
Jane Foster	52	<rolename> IS COMING BACK TO THE MCU <name> TO BE A BADASS AND YEET MEW MEW AT PEOPLE. AHHHHHHHHHHHHHHHHHHHHHHHHHHHHHHHHHHHHH.	https://cdn.discordapp.com/attachments/794506942906761226/948109755057045574/52JaneFoster.gif
Elliot Alderson	53	Hello, world. <name>, you're HACKERMAN SUPREME, <rolename>. Mr. Robot is literally the best show to ever be on Television tbh.	https://cdn.discordapp.com/attachments/794506942906761226/948104946425950208/53ElliotAlderson.gif
Zari Tomaz	54	So, basically, <name>, you live in a bracelet and share your existence with your twin sister with a slightly different last name. You're <rolename>.	https://cdn.discordapp.com/attachments/794506942906761226/948104947852005376/54ZariTomaz.gif
Cisco Ramon	55	Don't let anyone tell you that you're not a raging bisexual, <name>. It's 2022, biphobes can fuck off and get vibed into oblivion by <rolename>. Bc his super hero name is vibe. No other reason.	https://cdn.discordapp.com/attachments/794506942906761226/948104948539850752/55CiscoRamon.gif
Amaya Jiwe	57	2022 is the year <rolename> gets what she deserves. Don't you agree, <name>?	https://cdn.discordapp.com/attachments/794506942906761226/948104948883791892/57Amaya.gif
Leah Clearwater	58	AWOOOOOOOOOO, <name>, you're <rolename>. A little bit emo, a lotta bit angry. All justified.	https://cdn.discordapp.com/attachments/794506942906761226/948111165786030170/58LeahClearwatter.gif
Stevie Budd	59	Congrats, <name>, you're the grumpy icon <rolename> who kicks ass and tbh is a really good friend.	https://cdn.discordapp.com/attachments/794506942906761226/948104949454225448/59Stevie.gif
Astrid Leong	60	After her divorce <rolename> fucked off to an island where she didn't have to talk to her family for a whole year and tbh I think that's a mood, <name>.	https://cdn.discordapp.com/attachments/794506942906761226/948105209274585098/60AstridLeong.gif
Gabriella Montez	61	You've gotta be a little adult now, <name>. Have fun yeeting off to Stanford like <rolename>.	https://cdn.discordapp.com/attachments/794506942906761226/948105209907912754/61GabriellaMontez.gif
Miles Edgeworth	62	<name>, you are not a clown, you are the entire circus. Your perfect win streak was broken, but you‚Äôre still <rolename>	https://cdn.discordapp.com/attachments/794506942906761226/948112353600368650/62MilesEdgeworth.gif
Peter Parker	63	I guess the world is finally back to normal now, <name>. Or as normal as it can get for <rolename>.	https://cdn.discordapp.com/attachments/794506942906761226/948105210230890496/63PeterParker.gif
Peter B. Parker	64	Is <rolename> the new swamp daddy? Who knows, <name>? I just love him.	https://cdn.discordapp.com/attachments/794506942906761226/948105210713215016/64PeterBPArker.gif
Miguel O'Hara	65	Being a spider-man from a possible future has got to be super difficult, but <rolename> makes it look easy. Congrats <name>.	https://cdn.discordapp.com/attachments/794506942906761226/948107774422843402/65MiguelOHara.jpg
Billy Ray Cyrus	67	Oh, sweet achy breaky niblets <name>, you're <rolename>! No one can pull off a mullet and flannel shirt combo quite like you. The only thing stronger than your hair game is your weed vault, which makes you the chillest, swampiest rockstar around, dang nabbit!	https://cdn.discordapp.com/attachments/794506942906761226/948105211052969994/67BillyRayCyrus.gif
Kendra Saunders	68	COME BACK <rolename>. THE LEGENDS AREN'T THE SAME WITHOUT YOU. <name>, tell them üò≠.	https://cdn.discordapp.com/attachments/794506942906761226/948105211451420692/68KendraSaunders.gif
Kang Sae Byeok	69	player 067, we totally would have put you at level 67, but we thought 69 would be funnier. Soz. Anyways, <name> you're <rolename>.	https://cdn.discordapp.com/attachments/794506942906761226/948112424064679996/69KangSaeByeok.gif
Alice Cullen	70	You can see into the future <name>, just like <rolename>. Yet she still didn't know she was bisexual. until after Twilight.	https://cdn.discordapp.com/attachments/794506942906761226/948105211908616222/70AliceCullen.gif
Kitty Pryde	71	Oy, what can we say about <rolename>, <name>? Other than the fact that she's a badass that can pass through things and destroy electronics and is also a pirate and also HAS A DRAGON? Like Honestly 10/10. Best leader of the X-Men.	https://cdn.discordapp.com/attachments/794506942906761226/948105212290273300/71kitty.gif
Sersi	72	MCU <rolename> is chill and mild mannered and smart and stuff and that's cool and stuff, but let's be real <name>, she doesn't hold a candle to comics Sersi. Learning should be FUN. Ig Disney doesn't know that trick.	https://cdn.discordapp.com/attachments/794506942906761226/948105212764258344/72Sersi.gif
Professor Charles Xavier	73	I literally cannot decide if I hate or love <rolename> because he's kind of the bane of my existence in the comics and I have no feelings toward him whatsoever in the movies, so I mean I might as well rant about it in the swampys. None of y'all read this anyways, right <name>?	https://cdn.discordapp.com/attachments/794506942906761226/948105213502435348/73ProfX.gif
Jefferson "Jax" Jackson	74	Another person who deserved better from the Legends writers. This is why the CW is bankrupt tbh. They didn't respect <rolename> enough to keep him on the damn show. This is my soapbox now, <name>. Congrats on being lit.	https://cdn.discordapp.com/attachments/794506942906761226/948105456264564756/74Jax.gif
Behrad Tarazi	75	<rolename> might have the personality of a weed bro on Legends, <name>, but in my heart he's the smartest of the team and the sole keeper of the brain cell. He just plays dumb so the other legends don't try to steal it. 	https://cdn.discordapp.com/attachments/794506942906761226/948105456772067358/75BehradTarazi.gif
Lightning McQueen	77	Life is a highway, <name>, and you're about to ride it all night long as <rolename>. I can't even change this. It's too fucking funny. Guess who has a car named after this little fucker now.	https://cdn.discordapp.com/attachments/794506942906761226/948105457334091776/77LightningMcQueen.gif
Shuri	78	Wakanda Forever <name>! You're <rolename>, queen of our hearts and future bestie of Riri, MJ, and Ned.	https://cdn.discordapp.com/attachments/794506942906761226/948105457803882526/78Shuri.gif
Damon Evangelista	79	<name> He‚Äôs gay, he does ballet, and you have no idea how hard I searched for a third rhyme, okay? He‚Äôs Damon fucking Evangelista and he‚Äôs cool af.	https://cdn.discordapp.com/attachments/794506942906761226/948105458424623104/79DamonEvangelista.gif
Snoop Dogg	80	Awoo! Or should I say rawr? Because <name>, you're <rolename>!	https://cdn.discordapp.com/attachments/794506942906761226/948088705514602557/snoop-dog.gif
Taika Waititi	81	‚ÄúA ~~set~~ swamp should be like a family, except that you all actually like each other.‚Äù Congratulations <name> you're legendary director/actor/producer/writer/comedian/inventor/artist overall badass, <rolename>. YEET.	https://cdn.discordapp.com/attachments/794506942906761226/948105459204751391/81TaikaWaititi.gif
Diego Luna	82	So we meet again, <name>. You've made enough appearances in the swamp by now to get your own level <rolename>. Completely independent of that unfortunate daddy quiz. You can always tell who did the blurbs based on whether they have a period at the end.	https://cdn.discordapp.com/attachments/794506942906761226/948105459766808596/82DiegoLuna.gif
Charlie Swan	83	You're daddy <name>. No context. Just...Daddy. YOU CAN BE OUR FATHER FIGURE, PUT YOUR TINY HAND IN MINE.	https://cdn.discordapp.com/attachments/794506942906761226/948105460215586826/83CharlieSwan.gif
Magneto	84	Do not adjust your vaccine, <name>, you're <rolename> which means you're magnetic! Enjoy your 5G.	https://cdn.discordapp.com/attachments/794506942906761226/948105460802785300/84Magneto.gif
Martha Stewart	85	Do not pass go, do not collect $200, go straight to JAIL, <name>, you're <rolename>.	https://cdn.discordapp.com/attachments/794506942906761226/948105463348752384/85MarthaStewart.gif
Namor	87	Congratulations, <name>, you're HOMO SUPERIOR!!!!!! (And swampy af because you're <rolename>.)	https://cdn.discordapp.com/attachments/794506942906761226/948105671834996796/87Namor.gif
Donna Meagle	88	<name> you're chaos and sass incarnate, <rolename>! You were Agent of Assgard Loki before it was cool to be an Agent of Assgard,	https://cdn.discordapp.com/attachments/794506942906761226/948105672631922788/88DonnaMeagles.gif
Wally West	89	<name> you've got a need for spEED because you're the speediest boi <rolename>.	https://cdn.discordapp.com/attachments/794506942906761226/948105674435489792/89WallyWest.gif
David Rose	90	You like the wine and not the label <name>. Because you're <rolename>!	https://cdn.discordapp.com/attachments/794506942906761226/948105673462382612/89DavidRose.gif
Ali Abdul	91	Player 199, we can all agree that your employer is an ass. You're <rolename>, go win it <name>.	https://cdn.discordapp.com/attachments/794506942906761226/948105674871701554/90AliAbdul.gif
Phastos	92	You've _Earn_'d this level, <name>. You're <rolename>, progressing technological events across all time.  üñ®Ô∏èüë®‚ÄçüíªüìÄüíª	https://cdn.discordapp.com/attachments/794506942906761226/948105675605676062/91Phastos.gif
Dick Grayson	93	I wish I could say you're the only member of the batfam with the brain cell bc we're both Romani and I wanna respect you, <rolename>, but Dick you know what you DID and I cannae abide. Anyways <name>, this is Dick. He's kind of a, well, dick.	https://cdn.discordapp.com/attachments/794506942906761226/948105676411006986/92DickGrayson.gif
Reggie Mantle	94	Really the only thing I know about this role, <name>, is that Veronica punched <rolename> in the face really hard once and it was kind of awesome. I don't go here and Megan is asleep.	https://cdn.discordapp.com/attachments/794506942906761226/948105676851388416/93ReggieMantle.gif
Troy Bolton	95	<rolename> you're the reason Chad is too scared to be gay, thanks. Fuck off. What team? Not you, bitch. Congrats on being this fuck ass, <name>.	https://cdn.discordapp.com/attachments/794506942906761226/948105678973702164/94TroyBolton.gif
Crystalia Amaquelin	97	There's not a single team in the entirety of the Marvel continuity you haven't been a member of, <name>. Except maybe the X-Men, but we don't talk about that because you're <rolename>. 	https://cdn.discordapp.com/attachments/794506942906761226/948105679539945512/95Crystalia.gif
Mona Wu	98	Good for you for going to make more money on Netflix and jumping ship from the CW before it really went to hell, <rolename>. But I hope Netflix doesn't cancel Never Have I Ever. Because Never have they ever had a decent show with a diverse cast without cancelling it before the 4th season. Eh, <name>?	https://cdn.discordapp.com/attachments/794506942906761226/948105854991876096/97MonaWu.gif
Bruno Madrigal	99	Shhh, <name>, we're not supposed to talk about <rolename>. üëÄüêÄ	https://cdn.discordapp.com/attachments/794506942906761226/948105855604260874/98BrunoMadrigal.gif
Luis	100	So it's like this, <name>. You were at the Met Gala serving ice cream with your cousin Ernesto, when the most beautiful man you've ever seen wanders over and introduces himself to you and asks for a cone. So you tell him your name is <rolename> and you serve him the cone and your hands brush and his buddy Sam makes a joke about it because he gives you a *look* and you're one hundred percent sure this is the man you're gonna marry, right? Like your whole life together flashes before your eyes from the touch of a hand, dude. You're never gonna be the same after this. This is still VALID AF. Let them be gay!!!	https://cdn.discordapp.com/attachments/794506942906761226/948105856170483712/99Luis.gif
Lorna Dane	101	You can feel the turn of the Earth, <name>! Because you're <rolename>, who could easily yeet the Earth right off its axis.	https://cdn.discordapp.com/attachments/794506942906761226/948112510916112506/100LornaDane.gif
Chad Danforth	102	Listen, <name>. <rolename> is here because he is a raging bisexual and someone needed to fucking say it. And that person is going to be ME. STILL VALID IN 2022.	https://cdn.discordapp.com/attachments/794506942906761226/948105856736706570/101ChadDanforth.gif
Ryan Evans	103	So, <name>, you've made it this far. To <rolename>, another queer. This is truly a milestone because the next 3 levels are pretty much all the same colour pink so good luck knowing who you are. Cos Disney sure didn't know who <rolename> was when they tried to pair his ass off with Kelsey and not Chad. Yes, I plan on suing for emotional damages. 	https://cdn.discordapp.com/attachments/794506942906761226/948105857189707826/102RyanEvans.gif
Alexis Rose	104	Oh my God, <name>, you're a little bit <rolename>. Pubic Relations Afficianado who also happens to be good at *public* relations.	https://cdn.discordapp.com/attachments/794506942906761226/948105857651052574/103AlexisRose.gif
Darcy Lewis	105	Listen, we need more of <rolename> in the MCU because I fucking said so and if you don't agree get out. Thanks, <name>!	https://cdn.discordapp.com/attachments/794506942906761226/948105858217279488/104DarcyLewis.gif
Tom Haverford	107	I'm really tired of writing blurbs, <name>. So that's sort of a <rolename> thing to say lmao. I don't wanna do my job. And I just remembered I randomly skipped like 40 levels. Bc I don't remember rewriting Luz or anyone up there so I've gotta do that, but I'm still rewriting these. GODDDDD.	https://cdn.discordapp.com/attachments/794506942906761226/948105858594799666/105TomHaverford.gif
Cheryl "Bombshell" Blossom	108	You‚Äôre <rolename>, <name> you wretched child. You‚Äôre hella gay, cuckoo-bananas, and you invented the color red. You ARE red. Idk Megan wrote this one probably.	https://cdn.discordapp.com/attachments/794506942906761226/948105859089698886/107cherylblossom.gif
Pietro Maximoff	109	Everyone is just _dying_ to save Clint. Count yourself as everyone, <name>. You're <rolename>. Ho.	https://cdn.discordapp.com/attachments/794506942906761226/948105859668508712/108PietroMaximoff.gif
Ororo Munroe	110	Like Bucky Barnes, <rolename> also has a weird flirtation with an alien from space, <name>. Tbh a lot of people in the comics do this. We should make a list.	https://cdn.discordapp.com/attachments/794506942906761226/948106135251062814/109ororomunroe.gif
Zari Tarazi	111	You girlbossed too close to the sun with your fragrance <name>, but don't worry you brought it back with your performance on dancing with the stars or something, idk i checked out sometime last season. i think <rolename> was a clown or something recently jesus christ i need to catch up on legends.	https://cdn.discordapp.com/attachments/794506942906761226/948106135762784326/110Z2.gif
Emily Cooper	112	You. <name>  You feeble-brained idiot.  You imbecile, play-doll Tinkerbell.    For once, I didn‚Äôt have to work very hard to spot you.  It‚Äôs hard not to notice the waifish Audrey-Tautou-by-way-of-Audrey-Hepburn-looking clich√©.  Your skull is a perfect shape. I‚Äôm almost fond of you, my dim witted hamster. My <rolename>.	https://cdn.discordapp.com/attachments/794506942906761226/948106136689721404/111EmilyCooper.gif
Zed Martin	113	It's time to bring <rolename> back, 2022. Sign <name>'s petition.	https://cdn.discordapp.com/attachments/794506942906761226/948106137214001152/112Zed.gif
Elektra Evangelista	114	According to the internet, you used to be a dominatrix, and I think that‚Äôs so cool of you. <name>, you‚Äôre <rolename>.	https://cdn.discordapp.com/attachments/794506942906761226/948112617669533746/113ElektraEvangelista.gif
Esperanza "Spooner" Cruz	115	When <rolename> was first added to the Legends team, she was immediately beloved by The Swamp, but <name>, now that she's come out as asexual I believe this love is now 1000 fold. I can feel the love for Spooner in this swamp tonight.	https://cdn.discordapp.com/attachments/794506942906761226/948106138090606622/114Spooner.gif
Rogue	117	I'm not even gonna lie, I'm genuinely terrified of <rolename> and the fact that Gambit married her knowing she could put his face on a T-Shirt any time she wants was probably the dumbest thing he ever did. But he's a man who owns cats so maybe he's a bit of a masochist. Are you even reading this anymore <name>? Or have you checked out?	https://cdn.discordapp.com/attachments/794506942906761226/948106138887540777/115Rogue.gif
Tony Stark	118	Congratulations, <name>, you're <rolename> and you're DEAD!	https://cdn.discordapp.com/attachments/794506942906761226/948106139273412648/117TonyStark.gif
Donkey	119	<name>, you absolute ass, you're <rolename>.	https://cdn.discordapp.com/attachments/794506942906761226/948106139793494066/118Donkey.gif
Remy LeBeau	120	Bon travail, <name>, mon ami! Tu es <rolename>. Un voleur tr√®s sexy. Vous pouvez voler n'importe quelle serrure et gagner n'importe quel c≈ìur, mais que √ßa ne te monte pas √† la t√™te.	https://cdn.discordapp.com/attachments/794506942906761226/948106140321992774/119RemyLeBeau.gif
Kingo	121	You're part of a great Bollywood dynasty, <name>. You're <rolename>.	https://cdn.discordapp.com/attachments/794506942906761226/948106140636553226/120Kingo.gif
Oscar Isaac	122	Yeet. I've run out of braincells. <name> you're <rolename> he hot.	https://cdn.discordapp.com/attachments/794506942906761226/948106373198123018/121OscarIsaac.gif
Gilgamesh	123	<name>, You're a good friend who makes great beer, <rolename>	https://cdn.discordapp.com/attachments/794506942906761226/948112711445774386/122Gilgamesh.gif
Throg	124	Just found out your real name is Simon Walterson and not <rolename>, <name> and idk how to feel about that üëÅ‚Äçüó®.	https://cdn.discordapp.com/attachments/794506942906761226/948105784296865892/123Throg.png
Sharon Carter	125	You get a bad rep, but that's because people don't take the time to get to know you, <name>. Like <rolename>, you're more than just the shitty surface level writing the MCU has been doling out for their female characters.	https://cdn.discordapp.com/attachments/794506942906761226/948106373525303326/124SharonCarter.gif
Ajak	127	IT WORKS GREAT IN BATHROOM. 5 STARS.Oh shit that's Ajax. You're <rolename>, <name>.	https://cdn.discordapp.com/attachments/794506942906761226/948112818954178570/125Ajak.gif
Veronica Lodge	128	You're the epitome of girlboss, <name>. You're stonky mcstonk wench, <rolename>.	https://cdn.discordapp.com/attachments/794506942906761226/948106374066339860/127VeronicaLodge.gif
Pepper Potts	129	Your real name is Virgina, <name> because you're <rolename>.	https://cdn.discordapp.com/attachments/794506942906761226/948106374854885436/128PepperPotts.gif
Bad Bunny	130	¬°Felicidades, <name>, you're <rolename> baby!	https://cdn.discordapp.com/attachments/794506942906761226/948090668671176814/bad-bunny.gif
Charlie	131	<name> and I miss you <rolename>. You were really the only thing keeping me attached to Legends. üò≠	https://cdn.discordapp.com/attachments/794506942906761226/948112897987469353/130Charlie.gif
Nora Darhk	132	Yeet, <name>, you like blue now. You're <rolename>.	https://cdn.discordapp.com/attachments/794506942906761226/948113009069404270/131NoraDarhk.gif
James Buchanan "Bucky" Barnes	133	<name> LET' S FEED THE BABIES. *Helena by My Chemical Romance plays in the background*	https://cdn.discordapp.com/attachments/794506942906761226/948106375198806057/132Bucky.gif
Lil Nas X	134	Back that a$$ up and throw it down on the devil. I'm gonna call you <rolename>, because that's your name now <name>.	https://cdn.discordapp.com/attachments/794506942906761226/948106375500800080/133LilNasX.gif
Valkyrie	135	You have until <rolename> is finished drinking this giant jug of alcohol to be them, <name>. After that you're Wade Wilson, but it's not so bad. At least he can't die.	https://cdn.discordapp.com/attachments/794506942906761226/948106376104792084/134Valkyrie.gif
Wade Wilson	137	MAXIMUM EFFORT <name>, you're <rolename>. The merc with a mouth, the pan with a plan, the incorrigible immortal Deadpool.	https://cdn.discordapp.com/attachments/794506942906761226/948106376566149150/135WadeWilson.gif
Joe Goldberg	138	I didn't know murder could be considered slapstick until I met You, <name>. You intelligent moron, you every man genius, you murderous fool. You're <rolename>.	https://cdn.discordapp.com/attachments/794506942906761226/948106377207894046/137JoeGoldberg.gif
Sprite	139	Heads up, 7up! Dammit, I meant <rolename>. <name>.	https://cdn.discordapp.com/attachments/794506942906761226/948106377988046878/138Sprite.gif
Rio	140	YEET YOU'RE <rolename>, <name> NOTHING TO SEE HERE.	https://cdn.discordapp.com/attachments/794506942906761226/948106586725957682/139Rio.gif
Pray Tell	141	<name> <rolename>? No, Pray Told!	https://cdn.discordapp.com/attachments/794506942906761226/948106587233472543/140PrayTell.gif
John Constantine	142	Congratulations <name>! You're now chaotic enough to be <rolename>, but it's too late. Fuckin RIP in Peace, motherfucker. You got ended by a giant mushroom and now you're gonna be on HBO Max probably.	https://cdn.discordapp.com/attachments/794506942906761226/948106587539636225/141JohnCon.gif
Mobius M. Mobius	143	I don't even know what happened to you <name> because you're <rolename> and nobody knows SHIT anymore. Can we talk about the ending of the Loki show? Like what the FUUUUUUUUCK y'all.	https://cdn.discordapp.com/attachments/794506942906761226/948113097120448552/142Mobius.gif
Leonard Snart	144	<name>, you're <rolename>. You're hot, you're bi, and you're a chaotic thieving mastermind. The only thing you've ever done wrong, aside from being a massive bastard and villain, is die.	https://cdn.discordapp.com/attachments/794506942906761226/948106587812274176/143snart.gif
Natasha Romanoff	145	The most important thing to remember about being <rolename>, <name>, is that no matter what anyone says: you're still alive.	https://cdn.discordapp.com/attachments/794506942906761226/948113179370733618/144nat.gif
Loki Laufeyson	147	This is my time to just say that Tom Hiddleston does not pass the Vibe check and this server is comics <rolename> supremacy because fuck the MCU and all their bullshit. You're not even reading this, are you <name>?	https://cdn.discordapp.com/attachments/794506942906761226/948106588147843092/145loki.gif
Astra Logue	148	Congratulations <name>! You're <rolename>. You clawed your way back from hell and we love you and your tall queer energy.	https://cdn.discordapp.com/attachments/794506942906761226/948113606199894056/147AstraLogue.gif
Mantis	149	You're an empath, <name>. Lmao. You're <rolename>.	https://cdn.discordapp.com/attachments/794506942906761226/948106588487577680/148Mantis.gif
Keanu Reeves	150	You're <rolename>, <name>. Yeet.	https://cdn.discordapp.com/attachments/794506942906761226/948106589083140117/149KeanuReeves.gif
Yelena Belova	151	Unlike some people you're no poster, <name>. You're a flyer. A pamphlet. An infographic. *A Plastic Bag*. You're <rolename>!	https://cdn.discordapp.com/attachments/794506942906761226/948106589443874816/150YelenaBelova.gif
Frank Castle	152	Goddammit, <name> you‚Äôre <rolename>. You‚Äôre a shit magnet for trouble, always on the verge of death, yet somehow you‚Äôre still alive. You‚Äôre kind of an asshole and you‚Äôve murdered a shit ton of people but we still support you!	https://cdn.discordapp.com/attachments/794506942906761226/948106589934616637/151FrankCastle.gif
Gideon	153	Congratulations <name>! You're <rolename>. You're a real boy now!	https://cdn.discordapp.com/attachments/794506942906761226/948113699233746944/152Gideon.gif
Santana Lopez	154	You're the queen of everything, <name>. The original queen bee <rolename>. You'd kick Cheryl's ass any day of the week. Arguably the best character on Glee. You should've been the main character and we all know it. Get fucked, Rachel Barry.	https://cdn.discordapp.com/attachments/794506942906761226/948113790958981120/153Santana.gif
Sylvie Laufeydottir	155	It's all about you, <name>! Have fun burning the system down as <rolename>.	https://cdn.discordapp.com/attachments/794506942906761226/948113872265560144/154Sylvie.gif
Jinx	157	You're a semi self-made girlboss nightmare being, <name>. You should probably get therapy. Or (you might) commit a bunch a murders. You're <rolename>.	https://cdn.discordapp.com/attachments/794506942906761226/948113958403969084/155jinx.gif
Thena	158	Do you ever feel like a plastic bag, <name>? Well, so does <rolename> because she straight up went batshit and murdered her one true love or whatever. Don't read too much into it. I'm just salty AF. And by I, I mean Phil. Phil is salty. No one else. Shut up.	https://cdn.discordapp.com/attachments/794506942906761226/948114045238652978/157thena.gif
Kro	159	How _devious_ of you, <name>. You're <rolename>.	https://cdn.discordapp.com/attachments/794506942906761226/948114112859226112/158kro.gif
Baron Helmut Zemo	160	Congratulations on being vaguely european (and probably super gay idfk), <name>, you're <rolename>.	https://cdn.discordapp.com/attachments/794506942906761226/948114181377388574/159zemo.gif
Silco	161	Daddy? Sorry. Daddy? *Sorry*. Daddy? ***Sorry***. <name>, you're <rolename>.	https://cdn.discordapp.com/attachments/794506942906761226/948114263115964416/160Silco.gif
Ikaris	162	You're a mean one, Mr. Dickaris. You reeeeally piss me off. Congrats <name>, (I GUESS) you're <rolename>.	https://cdn.discordapp.com/attachments/794506942906761226/948106590475677726/161ikaris.gif
Alec Holland	163	Congratulations, <name>, you are the literal human embodiment of a swamp, aka <rolename>, aka The Swamp Thing himself. IT'S YOUR TIME TO SHINE ALEC. HAPPY SWAMP MONTH!	https://cdn.discordapp.com/attachments/794506942906761226/948106916901584926/162alecholland.gif
Shrek	164	You used to be the king of this swamp, <name>, but now you've been dethroned. Have fun being a loser as <rolename>. Happy swamp month Shrek.	https://cdn.discordapp.com/attachments/794506942906761226/948106917572640768/163shrek.gif
Cardi B	165	You're the queen of this swamp <name>! The one and only <rolename>!! Okurrr?? You used to be the queen b (as in queen booty), but now you answer to Nana.	https://cdn.discordapp.com/attachments/794506942906761226/948106918038229003/164cardi.gif
Nana Rose	167	Cheryl likes to pretend she invented red, but it was you, wasn't it, <rolename>? After all, <name> Nana's been around for centuries. She's outlived a hundred Eobard Thawnes. A Million. She predates colours and maybe the Earth itself. She is endless. She is eternal. Hell, she might even be the Prime Eternal. Nobody even likes Zuras's crusty ass anyway.	https://cdn.discordapp.com/attachments/794506942906761226/948107112280633394/167nanarose.gif
Bully Maguire	171	<rolename> is gonna rub some dirt in your eye <name>!	https://cdn.discordapp.com/attachments/777472545460977684/948107624438726656/171tobey.gif
Anthony Mackie, Swamp King	177	I feel like this is self-explanatory at this point, <name>. Who else if not <rolename>?	https://cdn.discordapp.com/attachments/794506942906761226/948107298277036112/177mackie.gif
Super Mega Supreme Bastard	187	Congratulations <name>! You're <rolename>. I don't know how to say this, but you've somehow become more of a chaotic swampy wench than the actual devil. Are you okay? Do you need us to call someone?	https://cdn.discordapp.com/attachments/794506942906761226/948140541164531722/bastard.gif
The Deviant Phellen	197	SURPRISE BITCHES (TALKING TO YOU <name>), I'M BACK.	https://cdn.discordapp.com/attachments/794506942906761226/948107298994257950/197phellen.gif
Phil Klemmer	201	MWAHAHAHAHHAHAHAHAHAAAAAAAAAAAHAHAHAHAHAHAHAHAHAAHAHAHAHAAHAAA	https://cdn.discordapp.com/attachments/794506942906761226/948107774800310352/201Phil.jpg